alpha_a,alpha_s,alpha_r,alpha_v,alpha_o,start_time,days,error
1.6383016531026607e-05,2.4771654560350343e-05,5.6265951242085505e-05,0.0003246712219228176,2.6288114379529543e-05,2024-11-20T00:00:00Z,90,223.27497947809266
