alpha_a,alpha_s,alpha_r,alpha_v,alpha_o,start_time,days,error
6.641455619518232e-05,0.00019325396554338846,0.0009765717733458412,0.009957940987549275,0.00013935217612309091,2024-11-20T00:00:00Z,50,18.97151994879452
