alpha_a,alpha_s,alpha_r,alpha_v,alpha_o,start_time,days,error
6.654616536711289e-05,0.0002178432103546357,0.001052809993242162,0.009573171305359684,0.0001001959631084448,2024-11-20T00:00:00Z,50,341.0019304658288
