alpha_a,alpha_s,alpha_r,alpha_v,alpha_o,start_time,days,error
1.0004588016065963e-05,9.976846026151786e-06,9.99657844820534e-05,0.0009998992076083169,9.976918949382574e-06,2024-11-20T00:00:00Z,50,594.8174220224236
