alpha_a,alpha_s,alpha_r,alpha_v,alpha_o,start_time,days,error
5.614480587954082e-06,9.542271952074478e-06,5.470473014331728e-05,0.00048133895298985954,8.492425164045396e-06,2024-11-20T00:00:00Z,90,424.4226576053081
