alpha_a,alpha_s,alpha_r,alpha_v,alpha_o,start_time,days,error
7.842090399444279e-05,0.00017337658409917302,0.0009509317457002408,0.009876534627125892,0.00016816624694867999,2024-11-20T00:00:00Z,50,33.61926816091245
