alpha_a,alpha_s,alpha_r,alpha_v,alpha_o,start_time,days,error
8.30396478862816e-05,0.00012634658872576643,0.0009766812505845213,0.00998215123218417,0.00010513574266363013,2024-11-20T00:00:00Z,50,34.596824724578575
