alpha_a,alpha_s,alpha_r,alpha_v,alpha_o,start_time,days,error
4.82699692484434e-05,0.0003135142135749358,0.0010239398245252662,0.009508719194294865,0.00033553867308414584,2024-11-20T00:00:00Z,50,90.76014578856686
