alpha_a,alpha_s,alpha_r,alpha_v,alpha_o,start_time,days,error
6.575708127585604e-06,1.749110484142169e-05,4.8198904688641196e-05,0.0004884738279686384,3.29006426661634e-05,2024-11-20T00:00:00Z,90,1703.9626685911744
