alpha_a,alpha_s,beta_r,beta_v,start_time,days
0.10985560460782194,0.014527718362743613,0.6344416270145302,0.2005837137671693,2024-11-25T00:00:00Z,1
