alpha_a,alpha_s,alpha_r,alpha_v,alpha_o,start_time,days,error
8.675101882997805e-05,0.00015338942678142398,0.0009678845263222835,0.009962072398756726,0.00018129005199655324,2024-11-20T00:00:00Z,50,41.23237708060774
