alpha_a,alpha_s,alpha_r,alpha_v,start_time,days
0.009441128346018214,0.0013654379576403864,0.002607504581213103,0.013239161256547975,2024-11-25T00:00:00Z,30
