alpha_a,alpha_s,beta_r,beta_v,start_time,days
0.012513085303014723,0.0006477763417922164,0.10041522763727384,0.10001665013745023,2024-11-24T00:00:00Z,30
