alpha_a,alpha_s,alpha_r,alpha_v,start_time,days,error
0.07435522947079978,0.000536925430485513,0.0050204707504212295,0.04180556491168747,2024-11-25T00:00:00Z,1,0.2830280694730679
