alpha_a,alpha_s,alpha_r,alpha_v,start_time,days,error
0.14984189679589227,0.0013070324177542265,0.006974458498119923,0.008565992789046822,2024-11-25T00:00:00Z,1,0.3414628778784612
