alpha_a,alpha_s,alpha_r,alpha_v,start_time,days
0.010388787907653086,0.0012163755021562103,0.0034785422746073176,0.011106458419771183,2024-11-25T00:00:00Z,30
