alpha_a,alpha_s,alpha_r,alpha_v,start_time,days
0.011407101574689953,0.0014594305817069275,0.003218225914807906,0.010516360708317267,2024-11-25T00:00:00Z,30
