alpha_a,alpha_s,alpha_r,alpha_v,start_time,days,error
0.0014477789288657005,0.00019838176923063998,0.0007055496496564285,0.006065704749669878,2024-11-20T00:00:00Z,50,19.02381085139668
