alpha_a,alpha_s,alpha_r,alpha_v,start_time,days,error
0.010523484063908656,0.0007665638514900263,0.009210765033651582,0.009809955517666941,2024-11-27T00:00:00Z,20,0.44837423924305747
