alpha_a,alpha_s,alpha_r,alpha_v,start_time,days,error
0.04077000890268787,0.0002711273199934222,0.021109976887154457,0.026936917021571274,2024-11-25T00:00:00Z,2,0.344384879003861
