alpha_a,alpha_s,alpha_r,alpha_v,start_time,days
0.006620875599667231,0.002761704025568912,0.00011858067405451367,0.014958485181285064,2024-11-25T00:00:00Z,1
