alpha_a,alpha_s,alpha_r,alpha_v,start_time,days,error
0.14921372150927478,0.0013022701584698834,0.006965636595404426,0.008571871502028934,2024-11-25T00:00:00Z,1,0.3529919077746693
