alpha_a,alpha_s,alpha_r,alpha_v,alpha_o,start_time,days,error
7.960584622052514e-05,0.000143499736371433,0.0009550160141490727,0.009980463553958385,0.0001897051684704598,2024-11-20T00:00:00Z,50,33.56524949835617
