alpha_a,alpha_s,alpha_r,alpha_v,alpha_o,start_time,days,error
6.6738164325212216e-06,7.041764485781693e-06,3.32845160932972e-05,0.00011767599353602055,2.469312520741698e-05,2024-11-20T00:00:00Z,90,51.82489878117658
