alpha_a,alpha_s,alpha_r,alpha_v,alpha_o,start_time,days,error
4.841750569834047e-05,0.0004048344549600047,0.0009720673114826017,0.009243668292515059,0.0003024374591161649,2024-11-20T00:00:00Z,50,55.686251704253294
